﻿MacAddress;Name;Email;Phone
A1:65:LC:F7:52:8B;MARIA DA LUZES BORGES FIGUEIREDO LOPES;nelsonroo77@hotmail.com;(66) 99633-2128
A2:LI:RG:GG:52:8B;VANUSA MANH‚ÙES DE SOUZA;vanusa.m1968@gmail.com;(22) 99971-5501
A3:65:3C:F7:FR:8B;GELTON AURELIANO;marivaldosoft@hotmail.com;(82) 99372-8447
A4:65:3C:F7:FR:8B;GELTON AURELIANO;geltonaureliano@hotmail.com;(82) 99372-8447
A5:65:3C:F7:FR:8B;GELTON AURELIANO;geltonaureliano@hotmail.com;(82) 99372-8447
A6:65:3C:F7:FR:8B;GELTON AURELIANO;geltonaureliano@hotmail.com;(82) 99372-8447
A7:65:3C:F7:FR:8B;GELTON AURELIANO;geltonaureliano@hotmail.com;(82) 99372-8447
A8:65:3C:F7:FR:8B;GELTON AURELIANO;geltonaureliano@hotmail.com;(82) 99372-8447
A9:65:3C:F7:FR:8B;GELTON AURELIANO;geltonaureliano@hotmail.com;(82) 99372-8447
A0:65:3C:F7:FR:8B;GELTON AURELIANO;geltonaureliano@hotmail.com;(82) 99372-8447

