﻿MacAddress;Name;Email;Phone
B1:B1:LC:F7:52:8B;MARIA DA LUZES BORGES FIGUEIREDO LOPES;nelsonroo77@hotmail.com;(66) 99633-2128
B2:B1:RG:GG:52:8B;VANUSA MANH‚ÙES DE SOUZA;vanusa.m1968@gmail.com;(22) 99971-5501
B3:B1:3C:F7:FR:8B;GELTON AURELIANO;geltonaureliano@hotmail.com;(82) 99372-8447
A4:B1:3C:F7:FR:8B;GELTON AURELIANO;geltonaureliano@hotmail.com;(82) 99372-8447
A5:B1:3C:F7:FR:8B;GELTON AURELIANO;geltonaureliano@hotmail.com;(82) 99372-8447
A6:B1:3C:F7:FR:8B;GELTON AURELIANO;geltonaureliano@hotmail.com;(82) 99372-8447
A7:B1:3C:F7:FR:8B;GELTON AURELIANO;geltonaureliano@hotmail.com;(82) 99372-8447
A8:B1:3C:F7:FR:8B;GELTON AURELIANO;geltonaureliano@hotmail.com;(82) 99372-8447
A9:B1:3C:F7:FR:8B;GELTON AURELIANO;geltonaureliano@hotmail.com;(82) 99372-8447
A0:B1:3C:F7:FR:8B;GELTON AURELIANO;geltonaureliano@hotmail.com;(82) 99372-8447

