﻿MacAddress;Name;Email;Phone
B5:65:LC:F7:52:8B;MARIA DA LUZES BORGES FIGUEIREDO LOPES;nelsonroo77@hotmail.com;(66) 99633-2128
B5:LI:RG:GG:52:8B;VANUSA MANH‚ÙES DE SOUZA;vanusa.m1968@gmail.com;(22) 99971-5501
B5:65:3C:F7:FR:8B;GELTON AURELIANO;geltonaureliano@hotmail.com;(82) 99372-8447
B5:65:3C:F7:FR:8B;GELTON AURELIANO;geltonaureliano@hotmail.com;(82) 99372-8447
B5:65:3C:F7:FR:8B;GELTON AURELIANO;geltonaureliano@hotmail.com;(82) 99372-8447
B5:65:3C:F7:FR:8B;GELTON AURELIANO;geltonaureliano@hotmail.com;(82) 99372-8447
B5:65:3C:F7:FR:8B;GELTON AURELIANO;geltonaureliano@hotmail.com;(82) 99372-8447
B5:65:3C:F7:FR:8B;GELTON AURELIANO;geltonaureliano@hotmail.com;(82) 99372-8447
B5:65:3C:F7:FR:8B;GELTON AURELIANO;geltonaureliano@hotmail.com;(82) 99372-8447
B5:65:3C:F7:FR:8B;GELTON AURELIANO;geltonaureliano@hotmail.com;(82) 99372-8447

