﻿MacAddress;Name;Email;Phone
C6:65:LC:F7:C6:8B;MARIA DA LUZES BORGES FIGUEIREDO LOPES;nelsonroo77@hotmail.com;(66) 99633-2128
C6:LI:C6:GG:52:C6;VANUSA MANH‚ÙES DE SOUZA;vanusa.m1968@gmail.com;(22) 99971-5501
C6:65:3C:F7:FR:8B;GELTON AURELIANO;geltonaureliano@hotmail.com;(82) 99372-8447
C6:65:C6:F7:C6:C6;GELTON AURELIANO;geltonaureliano@hotmail.com;(82) 99372-8447
C6:C6:3C:F7:FR:8B;GELTON AURELIANO;geltonaureliano@hotmail.com;(82) 99372-8447
C6:C6:C6:F7:FR:C6;GELTON AURELIANO;geltonaureliano@hotmail.com;(82) 99372-8447
C6:65:3C:F7:FR:8B;GELTON AURELIANO;geltonaureliano@hotmail.com;(82) 99372-8447
C6:65:3C:F7:FR:C6;GELTON AURELIANO;geltonaureliano@hotmail.com;(82) 99372-8447
A9:65:C6:F7:FR:8B;GELTON AURELIANO;geltonaureliano@hotmail.com;(82) 99372-8447
C6:65:3C:F7:FR:8B;GELTON AURELIANO;geltonaureliano@hotmail.com;(82) 99372-8447

